<window id="5537">
    <defaultcontrol>4323</defaultcontrol>
    <coordinates>
        <left>590</left>
        <top>220</top>
        <left>0</left>
        <top>0</top>
    </coordinates>
    <controls>
        <control type="group" id="1998">
            <animation type="WindowOpen" reversible="false">
                <effect type="zoom" start="80" end="100" center="640,360" easing="out" tween="back" time="300" />
                <effect type="fade" start="0" end="100" time="300" />
            </animation>
            <animation type="WindowClose" reversible="false">
                <effect type="zoom" start="100" end="80" center="640,360" easing="in" tween="back" time="300" />
                <effect type="fade" start="100" end="0" time="300" />
            </animation>    
            <control type="image" id="1999">
                <description>background image</description>
                <left>0</left>
                <top>0</top>
                <width>340</width>
                <height>400</height>
                <texture border="20">DialogBack.png</texture>
            </control>
            <control type="list" id="4323">
                <left>18</left>
                <top>18</top>
                <width>320</width>
                <height>380</height>
                <pagecontrol>-</pagecontrol>
                <scrolltime>300</scrolltime>
                <visible>true</visible>    
                <itemlayout height="40">
                    <left>0</left>
                    <top>0</top>
                    <control type="image">
                        <left>0</left>
                        <top>0</top>
                        <width>304</width>
                        <height>38</height>
                        <texture border="5">button-nofocus.png</texture>
                    </control>
                    <control type="label">
                        <left>155</left>
                        <top>0</top>
                        <width>704</width>
                        <height>38</height>
                        <align>center</align>
                        <aligny>center</aligny>
                        <info>ListItem.Label</info>
                        <label>-</label>
                    </control>				
                </itemlayout>
                <focusedlayout height="40">
                    <left>0</left>
                    <top>0</top>
                    <control type="image">
                        <left>0</left>
                        <top>0</top>
                        <width>304</width>
                        <height>38</height>
                        <texture border="5">button-nofocus.png</texture>
                    </control>	
                    <control type="image">
                        <left>0</left>
                        <top>0</top>
                        <width>304</width>
                        <height>38</height>
                        <texture border="5">button-focus2.png</texture>
                    </control>	
                    <control type="label">
                        <left>155</left>
                        <top>0</top>
                        <width>704</width>
                        <height>38</height>
                        <align>center</align>
                        <aligny>center</aligny>
                        <info>ListItem.Label</info>
                        <label>-</label>
                    </control>					
                </focusedlayout>
            </control>					
        </control>
    </controls>
</window> 
